<?xml version="1.0" encoding="UTF-8"?>
<beans xmlns="http://www.springframework.org/schema/beans"
	xmlns:xsi="http://www.w3.org/2001/XMLSchema-instance"
	xmlns:context="http://www.springframework.org/schema/context"
	xmlns:mvc="http://www.springframework.org/schema/mvc"
	xmlns:tx="http://www.springframework.org/schema/tx"
	xsi:schemaLocation="http://www.springframework.org/schema/mvc http://www.springframework.org/schema/mvc/spring-mvc-4.3.xsd
		http://www.springframework.org/schema/beans http://www.springframework.org/schema/beans/spring-beans.xsd
		http://www.springframework.org/schema/context http://www.springframework.org/schema/context/spring-context-4.3.xsd
		http://www.springframework.org/schema/tx http://www.springframework.org/schema/tx/spring-tx-4.3.xsd">

<context:component-scan base-package="com.cg"/>
<mvc:annotation-driven/>
<mvc:view-resolvers>
	<mvc:jsp suffix=".jsp" prefix="/WEB-INF/pages/"  />
</mvc:view-resolvers>

<bean id="dataSource" class="org.springframework.jdbc.datasource.SimpleDriverDataSource">
	<property name="driverClass" value="oracle.jdbc.OracleDriver"/>
	<property name="url" value="jdbc:oracle:thin:@localhost:1521/xe"/>
	<property name="username" value="scott"/>
	<property name="password" value="tiger"/>
</bean>

<bean id="entityManagerFactory" class="org.springframework.orm.jpa.LocalContainerEntityManagerFactoryBean">
	<property name="dataSource" ref="dataSource"/>
	<property name="persistenceProviderClass" value="org.hibernate.jpa.HibernatePersistenceProvider"/>
	<property name="packagesToScan" value="com.cg.entities"/>
	<property name="jpaPropertyMap">
		<map>
			<entry key="hibernate.dialect" value="org.hibernate.dialect.Oracle10gDialect"/>
			<entry key="hibernate.hbm2ddl.auto" value="update"/>
		</map>
	</property>
</bean>

<bean id="tx" class="org.springframework.orm.jpa.JpaTransactionManager">
	<property name="entityManagerFactory" ref="entityManagerFactory"/>
</bean>
<tx:annotation-driven transaction-manager="tx"/>

</beans>
